{"EXPCH-EXPGE": 0.12949823368849253, "EXPCH-EXPMX": 0.8666607684686206, "EXPCH-IMPCH": 0.7876302308311384, "EXPCH-IMPGE": 0.7140289561878171, "EXPCH-IMPMX": 0.8296361038904683, "EXPGE-EXPCH": 0.12949823368849253, "EXPGE-EXPMX": 0.2013959952676645, "EXPGE-IMPCH": 0.14120967343950128, "EXPGE-IMPGE": 0.4056152936766621, "EXPGE-IMPMX": 0.33782805343638317, "EXPMX-EXPCH": 0.8666607684686206, "EXPMX-EXPGE": 0.2013959952676645, "EXPMX-IMPCH": 0.875553889665257, "EXPMX-IMPGE": 0.8536028855562204, "EXPMX-IMPMX": 0.9683674732479275, "IMPCH-EXPCH": 0.7876302308311384, "IMPCH-EXPGE": 0.14120967343950128, "IMPCH-EXPMX": 0.8755538896652572, "IMPCH-IMPGE": 0.7469244579831248, "IMPCH-IMPMX": 0.859300765987637, "IMPGE-EXPCH": 0.7140289561878171, "IMPGE-EXPGE": 0.40561529367666205, "IMPGE-EXPMX": 0.8536028855562205, "IMPGE-IMPCH": 0.7469244579831248, "IMPGE-IMPMX": 0.8735409652123707, "IMPMX-EXPCH": 0.8296361038904683, "IMPMX-EXPGE": 0.33782805343638317, "IMPMX-EXPMX": 0.9683674732479276, "IMPMX-IMPCH": 0.859300765987637, "IMPMX-IMPGE": 0.8735409652123706, "EXPCH-EXPCH": 1.0, "EXPGE-EXPGE": 0.9999999999999999, "EXPMX-EXPMX": 1.0, "IMPCH-IMPCH": 1.0, "IMPGE-IMPGE": 1.0, "IMPMX-IMPMX": 1.0}